Model,MAE,R2
Linear Regression,5.674473236973022e-16,1.0
Random Forest,0.27535503194326094,0.40785369248517866
