{
    "model_metrics": {
        "mae": 0.14032879985536176,
        "mse": 0.03242978507496158,
        "rmse": 0.1800827173133546,
        "r2_score": 0.6690318178666068,
        "mape": 8.549429966116929
    },
    "is_model_accepted": true,
    "improved_accuracy": 0.6690318178666068,
    "evaluation_timestamp": "2025-08-14T18:25:20.806991"
}